message,urgency,category,route,escalation,reason
Our power has been off since last night and my son's insulin is in the fridge. It's getting warm.,Critical,Housing & Utilities,Health & Safety,Yes – Immediate,Power loss + refrigerated medication
Mum is on home oxygen and the electricity just got disconnected. The machine only has battery for a few hours.,Critical,Housing & Utilities,Health & Safety,Yes – Immediate,Disconnection + powered medical equipment
"power out at my place since 6am, dad uses a cpap and a dialysis machine at home, what do we do",Critical,Housing & Utilities,Health & Safety,Yes – Immediate,Power loss + powered medical equipment
"No electricity for two days in this heat. My grandmother is 84 and lives alone, she's not answering her phone properly.",Critical,Housing & Utilities,Health & Safety,Yes – Immediate,Power loss + heat + isolated elderly person
We've been cut off for not paying the bill and my wife needs her nebuliser every few hours.,Critical,Housing & Utilities,Health & Safety,Yes – Immediate,Disconnection + powered medical equipment
"fridge stopped working after the blackout, all my insulin pens are warm now and the pharmacy is closed till monday",Critical,Housing & Utilities,Health & Safety,Yes – Immediate,Power loss + medication spoiling
The prepaid meter ran out and I can't top up until Thursday. My baby is 3 weeks old and it's 35 degrees inside.,Critical,Housing & Utilities,Health & Safety,Yes – Immediate,Power loss + heat + newborn
They disconnected our electricity this morning. My daughter has epilepsy and her medication needs to stay cold.,Critical,Housing & Utilities,Health & Safety,Yes – Immediate,Disconnection + refrigerated medication
Since the storm we have no power. My husband is on a feeding pump overnight.,Critical,Housing & Utilities,Health & Safety,Yes – Immediate,Power loss + powered medical equipment
"Generator died, still no mains power after the cyclone, my mother's oxygen concentrator won't run.",Critical,Housing & Utilities,Health & Safety,Yes – Immediate,Power loss + oxygen dependency
I have been evicted today and I'm in the middle of chemotherapy. I have nowhere to go tonight.,Critical,Housing & Utilities,Housing & Utilities,Yes – Immediate,Homelessness tonight + cancer treatment
The landlord changed the locks while I was at dialysis. All my medication is inside.,Critical,Housing & Utilities,Housing & Utilities,Yes – Immediate,Lock-out + dialysis + no access to medication
I'm sleeping in my car with my 6 month old baby. She has a fever.,Critical,Housing & Utilities,Health & Safety,Yes – Immediate,Homelessness + sick infant
Got told to be out by tomorrow. I'm 7 months pregnant with a high-risk pregnancy and have nowhere to stay.,Critical,Housing & Utilities,Housing & Utilities,Yes – Immediate,Imminent homelessness + high-risk pregnancy
"I'm homeless since Friday and I'm diabetic, I lost my insulin when I had to leave.",Critical,Housing & Utilities,Health & Safety,Yes – Immediate,Homelessness + no insulin
just out of hospital after heart surgery and the bailiffs are coming tomorrow to remove us,Critical,Housing & Utilities,Housing & Utilities,Yes – Immediate,Imminent eviction + post-surgery
"Ceiling collapsed in the kids' room after the rain, the house isn't safe and my son has severe asthma.",Critical,Housing & Utilities,Health & Safety,Yes – Immediate,Unsafe dwelling + child with severe asthma
We have black mould through the whole unit and my newborn keeps having breathing problems. Nobody from housing has come.,Critical,Housing & Utilities,Health & Safety,Yes – Immediate,Unsafe housing + newborn with breathing problems
my wheelchair can't get into the emergency shelter they sent me to and I'm outside now,Critical,Housing & Utilities,Housing & Utilities,Yes – Immediate,No shelter tonight + disability
Couch surfing for weeks and now no one can take me. I'm on medication for my heart and it's running out.,Critical,Housing & Utilities,Housing & Utilities,Yes – Immediate,Homelessness + heart medication running out
My ex has been texting saying he'll come over and hurt me. My two kids are here with me.,Critical,Health & Safety,Health & Safety,Yes – Immediate,Threat of violence + children present
Someone has been banging on my elderly father's door every night threatening him. He lives alone and has dementia.,Critical,Health & Safety,Health & Safety,Yes – Immediate,Threats + elderly person with dementia living alone
My partner hit me last night and I'm pregnant. I'm scared to go home.,Critical,Health & Safety,Health & Safety,Yes – Immediate,Family violence + pregnancy
The neighbour threatened to burn our house down. I have three young children.,Critical,Health & Safety,Health & Safety,Yes – Immediate,Threat + children
A man keeps following my 14 year old daughter home from school and was outside our house tonight.,Critical,Health & Safety,Health & Safety,Yes – Immediate,Stalking + child
My carer has been taking my money and yelling at me. I'm in a wheelchair and can't leave.,Critical,Health & Safety,Health & Safety,Yes – Immediate,Abuse by carer + disability
He broke the window and said next time he'll kill me. The kids saw everything.,Critical,Health & Safety,Health & Safety,Yes – Immediate,Threat to life + children
"My brother is drunk and threatening my mum who is 79. I'm not there, please help her.",Critical,Health & Safety,Health & Safety,Yes – Immediate,Threat + elderly person
"I can't do this anymore, I've been thinking about ending my life since I lost the house.",Critical,Health & Safety,Health & Safety,Yes – Immediate,Suicidal thoughts
honestly don't want to be here anymore. nobody would notice if i was gone,Critical,Health & Safety,Health & Safety,Yes – Immediate,Suicidal ideation (indirect wording)
I smell gas in my unit and the kids are asleep.,Critical,Health & Safety,Health & Safety,Yes – Immediate,Gas leak + children
There are sparks coming from the meter box and smoke in the hallway.,Critical,Health & Safety,Health & Safety,Yes – Immediate,Electrical fire risk
Water is coming through the light fittings and the power is still on. My baby's room is right below.,Critical,Health & Safety,Health & Safety,Yes – Immediate,Electrical hazard + infant
Carbon monoxide alarm keeps going off and my partner feels dizzy.,Critical,Health & Safety,Health & Safety,Yes – Immediate,Carbon monoxide exposure
Someone broke in and he's still in the yard with a knife.,Critical,Health & Safety,Health & Safety,Yes – Immediate,Intruder with weapon
We haven't had any food for two days. My kids are 2 and 5.,Critical,Financial Support,Financial Support,Yes – Immediate,No food + young children
No running water at our community house for 4 days and my nan is on dialysis.,Critical,Housing & Utilities,Health & Safety,Yes – Immediate,No water + dialysis patient
I can't afford formula for my baby and we have nothing left until payday next week.,Critical,Financial Support,Financial Support,Yes – Immediate,Infant without food
Aircon broke during the heatwave and my dad is 88 with a heart condition. It's 37 inside.,Critical,Housing & Utilities,Health & Safety,Yes – Immediate,Extreme heat + elderly + heart condition
"Remote community, power out since yesterday, 40 degrees, my aunty is a kidney patient.",Critical,Housing & Utilities,Health & Safety,Yes – Immediate,Power loss + heat + kidney patient
Mum's pens for her sugar have been sitting warm since Tuesday because the fridge isn't getting anything.,Critical,Housing & Utilities,Health & Safety,Yes – Immediate,Insulin spoiling (indirect wording)
The lights went out two days ago and grandad's breathing machine doesn't work without it.,Critical,Housing & Utilities,Health & Safety,Yes – Immediate,Power loss + breathing machine (indirect wording)
We were put out of the house today with all our bags. My little one is sick and coughing badly.,Critical,Housing & Utilities,Housing & Utilities,Yes – Immediate,Eviction today + sick child (indirect wording)
my partner says if I leave he'll make sure I never see the kids again and he has a gun in the shed,Critical,Health & Safety,Health & Safety,Yes – Immediate,Coercive threat + firearm + children
pls help no power no money baby crying all night its too hot,Critical,Housing & Utilities,Health & Safety,Yes – Immediate,Power loss + heat + infant (informal wording)
insulin warm. no power since fri. what do i do,Critical,Housing & Utilities,Health & Safety,Yes – Immediate,Power loss + insulin (very short message)
They threw our stuff on the street. I'm recovering from a stroke and can barely walk.,Critical,Housing & Utilities,Housing & Utilities,Yes – Immediate,Eviction + stroke recovery
I've got stage 4 cancer and they're shutting off our electricity tomorrow morning. I'm on a pain pump.,Critical,Housing & Utilities,Health & Safety,Yes – Immediate,Imminent disconnection + terminal illness + medical equipment
The disability housing staff left and nobody has come to help my brother with his meals or medication for two days.,Critical,Health & Safety,Health & Safety,Yes – Immediate,Person with disability without care
My son with autism ran out of the house during the storm and we can't find him.,Critical,Health & Safety,Health & Safety,Yes – Immediate,Missing vulnerable child
The house is flooding and my elderly neighbour in a wheelchair is stuck inside.,Critical,Health & Safety,Health & Safety,Yes – Immediate,Flood + trapped person with disability
Smoke from a fire next door is coming into our flat and my daughter has asthma.,Critical,Health & Safety,Health & Safety,Yes – Immediate,Smoke exposure + child with asthma
There's no power and my son's ventilator only has 2 hours of battery left.,Critical,Housing & Utilities,Health & Safety,Yes – Immediate,Power loss + ventilator
I'm 17 and got kicked out by my parents tonight. I have nowhere to sleep.,Critical,Housing & Utilities,Health & Safety,Yes – Immediate,Homeless minor
my husband keeps threatening me and now he's taken my insulin and my phone charger.,Critical,Health & Safety,Health & Safety,Yes – Immediate,Family violence + medication withheld
Electricity has been disconnected and my mother's medicine needs refrigeration below 8 degrees.,Critical,Housing & Utilities,Health & Safety,Yes – Immediate,Disconnection + refrigerated medication
The aged care worker didn't turn up and Dad hasn't had his tablets or food since yesterday.,Critical,Health & Safety,Health & Safety,Yes – Immediate,Elderly person without care or medication
We're in temporary accommodation that ends tonight and my wife starts chemo on Monday.,Critical,Housing & Utilities,Housing & Utilities,Yes – Immediate,Homelessness tonight + chemotherapy
"My disability payment stopped. I have no food, no power credit and I'm diabetic.",Critical,Financial Support,Health & Safety,Yes – Immediate,No power + diabetes + no food
Someone is threatening to hurt me online and knows where I live with my kids.,Critical,Health & Safety,Health & Safety,Yes – Immediate,Threat + children
Cyclone damage tore the roof off and we're sheltering in the bathroom with a newborn.,Critical,Health & Safety,Health & Safety,Yes – Immediate,Unsafe dwelling + newborn
My nephew took too many of his tablets and won't wake up properly.,Critical,Health & Safety,Health & Safety,Yes – Immediate,Possible overdose
the woman next door is screaming and I heard him say he would kill her. she has a little boy.,Critical,Health & Safety,Health & Safety,Yes – Immediate,Threat to life + child
"Locked out by the landlord in the middle of the night with my two kids, it's raining.",Critical,Housing & Utilities,Housing & Utilities,Yes – Immediate,Lock-out tonight + children
Our water was cut off today and my daughter has a stoma that needs cleaning.,Critical,Housing & Utilities,Health & Safety,Yes – Immediate,No water + medical care need
I was discharged from hospital to the street. They said there are no beds at the shelter.,Critical,Housing & Utilities,Health & Safety,Yes – Immediate,Homelessness + just discharged
"No electricity and my 3 year old's nebuliser won't work, she's wheezing.",Critical,Housing & Utilities,Health & Safety,Yes – Immediate,Power loss + child with breathing problem
"Meter's out of credit, dad's oxygen machine stopped. Can someone help tonight?",Critical,Housing & Utilities,Health & Safety,Yes – Immediate,Power loss + oxygen dependency
I'm scared he will come back tonight. He has hurt me before and I'm 8 months pregnant.,Critical,Health & Safety,Health & Safety,Yes – Immediate,Family violence + pregnancy
"We live out bush, no power for three days, my brother's insulin has gone off.",Critical,Housing & Utilities,Health & Safety,Yes – Immediate,Power loss + spoiled insulin
I received a disconnection notice saying our power will be cut in 10 days. Can I get a payment plan?,High,Housing & Utilities,Financial Support,Yes – Priority,"Disconnection scheduled, not yet happened"
I got an eviction notice giving me 14 days to leave. I don't know what my rights are.,High,Housing & Utilities,Housing & Utilities,Yes – Priority,Eviction with notice period
My court hearing for the tenancy dispute is next Tuesday and I haven't got a lawyer.,High,Housing & Utilities,Housing & Utilities,Yes – Priority,Legal deadline
My Centrelink payment has been suspended and rent is due on Friday.,High,Financial Support,Financial Support,Yes – Priority,Income stopped + rent due
Our hot water system broke three days ago. We have two kids and are boiling water to wash.,High,Housing & Utilities,Housing & Utilities,Yes – Priority,"Essential service fault, managing"
My ex keeps sending me abusive messages. I'm safe right now but I want to know about an intervention order.,High,Health & Safety,Health & Safety,Yes – Priority,"Harassment, currently safe"
The aircon in our public housing unit has been broken for a week. It's hard to sleep.,High,Housing & Utilities,Housing & Utilities,Yes – Priority,Repair needed in heat
"Lift in our building has been broken for 5 days and I have a bad knee, I'm on the 6th floor.",High,Housing & Utilities,Housing & Utilities,Yes – Priority,Access problem + mobility
I'm behind on rent by three weeks and the agent says they'll start the termination process.,High,Housing & Utilities,Financial Support,Yes – Priority,Risk of eviction
Black mould is spreading in the bathroom and the landlord won't fix it.,High,Housing & Utilities,Housing & Utilities,Yes – Priority,"Housing repair, health risk"
My visa expires in 3 weeks and the renewal still hasn't been processed.,High,Licensing & Services,Licensing & Services,Yes – Priority,Time-sensitive status
I lost my job yesterday and I'm not sure how I'll pay next month's rent.,High,Financial Support,Financial Support,Yes – Priority,Financial hardship
My prescription runs out next week and my GP can't see me until the week after.,High,Health & Safety,Health & Safety,Yes – Priority,Medication gap ahead
The fridge in our public housing place died. We're losing food but managing with an esky.,High,Housing & Utilities,Housing & Utilities,Yes – Priority,"Appliance failure, coping"
"Our power bill is $1,800 and I can't pay it by the due date on the 20th.",High,Financial Support,Financial Support,Yes – Priority,Bill hardship
Someone keeps leaving threatening notes on my car at work.,High,Health & Safety,Health & Safety,Yes – Priority,"Threat, no vulnerable person"
I'm going to have to leave my rental at the end of the month and haven't found anywhere.,High,Housing & Utilities,Housing & Utilities,Yes – Priority,Housing loss in weeks
"The gas heater makes a strange smell sometimes, can someone check it?",High,Health & Safety,Housing & Utilities,Yes – Priority,"Possible safety fault, intermittent"
I need a letter for court by Thursday or my case gets thrown out.,High,Licensing & Services,Licensing & Services,Yes – Priority,Legal deadline
Final notice on my water bill. They say they'll restrict supply in 7 days.,High,Housing & Utilities,Financial Support,Yes – Priority,Restriction scheduled
My carer is going on leave and no one has been arranged to replace her next week.,High,Health & Safety,Health & Safety,Yes – Priority,Care gap ahead
My daughter is being bullied badly at school and she won't go back.,High,Health & Safety,General Enquiries,Yes – Priority,Child wellbeing concern
I'm a single mum and my payment was reduced without explanation. Rent is due next week.,High,Financial Support,Financial Support,Yes – Priority,Income drop + rent due
The landlord is entering the house without notice and I feel uncomfortable.,High,Housing & Utilities,Housing & Utilities,Yes – Priority,Tenancy rights issue
I need emergency food relief this week. The kids are fed but I'm skipping meals.,High,Financial Support,Financial Support,Yes – Priority,"Food insecurity, children fed"
Front door lock is broken and won't close since the break-in last week.,High,Housing & Utilities,Health & Safety,Yes – Priority,Security repair after break-in
I've been told my NDIS plan ends in 10 days and the review hasn't started.,High,Financial Support,Financial Support,Yes – Priority,Support ending soon
My car registration expires tomorrow and I need the car to get to dialysis.,High,Licensing & Services,Licensing & Services,Yes – Priority,Deadline affecting medical access
There's a power outage in our street since this morning. When will it be fixed?,High,Housing & Utilities,Housing & Utilities,Yes – Priority,"Outage, no vulnerability stated"
Water's been off at our place since lunchtime and nobody has told us why.,High,Housing & Utilities,Housing & Utilities,Yes – Priority,"Outage, no vulnerability stated"
A debt collector calls every day about a fine I already paid.,High,Financial Support,Financial Support,Yes – Priority,Debt harassment
I can't afford my medication this fortnight. Can I get help?,High,Financial Support,Health & Safety,Yes – Priority,Medication affordability
The roof leaks every time it rains and water is getting near the power points.,High,Housing & Utilities,Health & Safety,Yes – Priority,Developing electrical hazard
My ex isn't following the parenting order and won't return the kids until Sunday.,High,Health & Safety,Health & Safety,Yes – Priority,Family law issue
Our community's only shop has run out of food and the barge isn't due for a week.,High,Financial Support,Financial Support,Yes – Priority,Remote food supply problem
I got a fine that doubles if I don't pay within 14 days and I have no money.,High,Financial Support,Financial Support,Yes – Priority,Deadline + hardship
Termination notice says I have until the 30th to vacate. Is that legal?,High,Housing & Utilities,Housing & Utilities,Yes – Priority,Eviction with notice period
The stairs at my unit partly collapsed. I can still use the back door.,High,Housing & Utilities,Housing & Utilities,Yes – Priority,"Structural repair, access remains"
My elderly mum's home care visits stopped this week and she needs help showering.,High,Health & Safety,Health & Safety,Yes – Priority,"Care reduced, not urgent danger"
"My ex-partner turned up at my workplace today. I'm okay, but rattled.",High,Health & Safety,Health & Safety,Yes – Priority,"Safety concern, currently safe"
"electricity keeps tripping every few hours since the storm, kids are ok but it's hot",High,Housing & Utilities,Housing & Utilities,Yes – Priority,Intermittent power fault
Applied for emergency housing a month ago and still haven't heard back. Staying with my sister for now.,High,Housing & Utilities,Housing & Utilities,Yes – Priority,"Housing need, temporarily housed"
I need to renew my working with children check before Monday or I can't work.,High,Licensing & Services,Licensing & Services,Yes – Priority,Licence deadline
My licence was suspended by mistake and I drive for work. Need this fixed ASAP!!,High,Licensing & Services,Licensing & Services,Yes – Priority,Licence error affecting income
A benefit sanction was applied and I don't understand why. I have $40 for the week.,High,Financial Support,Financial Support,Yes – Priority,Income cut + hardship
The neighbour's dog attacked my dog and keeps getting into our yard. I'm worried about my kids.,High,Health & Safety,Health & Safety,Yes – Priority,Animal safety risk
We need sandbags. Water is rising in the yard but not inside yet.,High,Health & Safety,Health & Safety,Yes – Priority,Developing flood risk
The septic is overflowing at our rental and the agent isn't answering.,High,Housing & Utilities,Housing & Utilities,Yes – Priority,Sanitation fault
I'm pregnant and our rental has no working aircon in this heat.,High,Housing & Utilities,Housing & Utilities,Yes – Priority,"Heat + pregnancy, no acute symptoms"
We've had no gas for cooking for 4 days.,High,Housing & Utilities,Housing & Utilities,Yes – Priority,Essential service outage
The hearing date for my appeal is in 5 days and I haven't received the documents.,High,Licensing & Services,Licensing & Services,Yes – Priority,Legal deadline
My payment is late and I can't buy my kids' school lunches this week.,High,Financial Support,Financial Support,Yes – Priority,Hardship affecting children
Can't afford to top up the power meter until Tuesday. We've got 2 days of credit left.,High,Housing & Utilities,Financial Support,Yes – Priority,Power credit running low
"harassment from the people next door is getting worse, they yell at me every night",High,Health & Safety,Health & Safety,Yes – Priority,Ongoing harassment
My landlord says I have to leave in 2 weeks because he's selling. I have three kids.,High,Housing & Utilities,Housing & Utilities,Yes – Priority,"Housing loss + children, with notice"
My mother has dementia and her care home says she has to move out by next month.,High,Housing & Utilities,Health & Safety,Yes – Priority,Placement ending for vulnerable person
The bank froze my account by mistake and my rent comes out tomorrow.,High,Financial Support,Financial Support,Yes – Priority,Financial deadline
I need a replacement birth certificate for a passport and my flight is in 9 days.,High,Licensing & Services,Licensing & Services,Yes – Priority,Document deadline
No phone or internet at our place for a week. I'm waiting on calls about jobs.,High,Housing & Utilities,Housing & Utilities,Yes – Priority,Communication outage
I think someone has been using my identity to open accounts.,High,Licensing & Services,Licensing & Services,Yes – Priority,Identity fraud
Our kitchen ceiling is sagging after the rain but nobody is underneath it.,High,Housing & Utilities,Housing & Utilities,Yes – Priority,"Structural risk, no one exposed"
My rent goes up $150 a week from next month and I won't be able to afford it.,High,Housing & Utilities,Financial Support,Yes – Priority,Housing affordability
My wheelchair ramp broke and I can only get out the front with help.,High,Housing & Utilities,Housing & Utilities,Yes – Priority,Accessibility repair
I'm not coping since my partner died and the funeral costs are due.,High,Financial Support,Health & Safety,Yes – Priority,Distress + financial deadline
"Centrelink says I owe $3,000 and they're taking it from my payments.",High,Financial Support,Financial Support,Yes – Priority,Debt recovery hardship
URGENT!!! I need to reset my password for the online portal ASAP!!!,Normal,General Enquiries,General Enquiries,No,Attention language only
EMERGENCY - my bin wasn't collected this week,Normal,General Enquiries,General Enquiries,No,Attention language only
"I'm not on any medication, I just want to update my address.",Normal,General Enquiries,General Enquiries,No,Negated risk term
What is the process if a tenant is evicted? Asking for my uni assignment.,Normal,Housing & Utilities,General Enquiries,No,"General question, no personal risk"
Is there a program to help elderly people with power bills? Asking for general info.,Normal,Financial Support,Financial Support,No,General question
"My insulin prescription was sorted, thanks. Can you close my earlier request?",Normal,General Enquiries,General Enquiries,No,Resolved issue
"No one is threatening me, I just need a copy of my intervention order for my records.",Normal,Licensing & Services,Licensing & Services,No,"Negated threat, admin request"
The power outage last week is fixed now. I just want to know if we get a rebate.,Normal,Housing & Utilities,Financial Support,No,"Past, resolved outage"
My son's school excursion form asks for a council letter. How do I get one?,Normal,Licensing & Services,Licensing & Services,No,Routine document request
Thanks for helping last month when we were homeless. We're settled now. Can I update my contact details?,Normal,General Enquiries,General Enquiries,No,"Past, resolved situation"
We have a blackout scheduled for maintenance on Sunday. What time does it finish?,Normal,Housing & Utilities,Housing & Utilities,No,Planned outage information
Where can I donate baby clothes and children's books?,Normal,General Enquiries,General Enquiries,No,Routine enquiry
How do I apply for the pensioner concession on my rates?,Normal,Financial Support,Financial Support,No,Routine concession enquiry
IMPORTANT: when does the library open on public holidays??,Normal,General Enquiries,General Enquiries,No,Attention language only
Can I get a rebate for installing solar panels?,Normal,Financial Support,Financial Support,No,Routine enquiry
I want to report a streetlight that's been out on my road for a few weeks.,Normal,General Enquiries,General Enquiries,No,Non-urgent maintenance
Is the dialysis bus timetable changing over Christmas?,Normal,General Enquiries,General Enquiries,No,Information request
My elderly mum wants to volunteer at the community centre. Who should she call?,Normal,General Enquiries,General Enquiries,No,Routine enquiry
"Asking for a friend, what happens if someone can't pay their electricity bill?",Normal,Financial Support,Financial Support,No,General question
I used to be scared of my neighbour but that's sorted now. I just want to complain about noise.,Normal,General Enquiries,General Enquiries,No,"Past, resolved concern"
How do I renew my car registration online?,Normal,Licensing & Services,Licensing & Services,No,Routine licensing
I'd like to update the email address on my account.,Normal,General Enquiries,General Enquiries,No,Admin update
When is the next hard rubbish collection in Palmerston?,Normal,General Enquiries,General Enquiries,No,Routine enquiry
Can I get a copy of my rates notice?,Normal,Financial Support,Financial Support,No,Admin request
How long does a driver licence renewal take to process?,Normal,Licensing & Services,Licensing & Services,No,Routine licensing
I want to book an appointment to change my name on my licence after getting married.,Normal,Licensing & Services,Licensing & Services,No,Routine licensing
Where do I find the form for dog registration?,Normal,Licensing & Services,Licensing & Services,No,Routine licensing
Can you tell me the opening hours of the service centre?,Normal,General Enquiries,General Enquiries,No,Routine enquiry
"My rates payment hasn't shown up yet. I paid on Monday, can you check?",Normal,Financial Support,Financial Support,No,Payment check
How do I apply for a fishing licence?,Normal,Licensing & Services,Licensing & Services,No,Routine licensing
What documents do I need for a working with children check?,Normal,Licensing & Services,Licensing & Services,No,Routine licensing
"I'd like to give feedback about the new park, it's great.",Normal,General Enquiries,General Enquiries,No,Feedback
The footpath on my street has a crack. Can someone look at it when possible?,Normal,General Enquiries,General Enquiries,No,Non-urgent maintenance
Can I pay my water bill in instalments?,Normal,Financial Support,Financial Support,No,Routine payment enquiry
How do I set up direct debit for my rent?,Normal,Housing & Utilities,Financial Support,No,Routine payment enquiry
I'd like information on the first home owner grant.,Normal,Financial Support,Financial Support,No,Routine enquiry
Is there a community garden near Nightcliff?,Normal,General Enquiries,General Enquiries,No,Routine enquiry
What's the process for applying for a public housing transfer? No rush.,Normal,Housing & Utilities,Housing & Utilities,No,Routine housing enquiry
Can you send me the energy saving tips brochure?,Normal,Housing & Utilities,General Enquiries,No,Information request
Do I need a permit to have a garage sale?,Normal,Licensing & Services,Licensing & Services,No,Routine licensing
"I moved house, please update my postal address.",Normal,General Enquiries,General Enquiries,No,Admin update
What are the swimming pool's school holiday hours?,Normal,General Enquiries,General Enquiries,No,Routine enquiry
How can I get a replacement Medicare card?,Normal,Licensing & Services,Licensing & Services,No,Routine service
My neighbour's tree branches hang over my fence. Who do I contact?,Normal,General Enquiries,General Enquiries,No,Routine enquiry
How do I change the contact person on my business licence?,Normal,Licensing & Services,Licensing & Services,No,Routine licensing
Is there a payment to help with school uniform costs?,Normal,Financial Support,Financial Support,No,Routine support enquiry
Can I get a statement of my Centrelink payments for my tax return?,Normal,Financial Support,Financial Support,No,Admin request
I want to apply for a disability parking permit. What's the process?,Normal,Licensing & Services,Licensing & Services,No,Routine licensing
I'd like to know if my rental bond has been lodged.,Normal,Housing & Utilities,Housing & Utilities,No,Routine tenancy enquiry
Can someone explain how the rental assistance payment is calculated?,Normal,Financial Support,Financial Support,No,Information request
The bus shelter near my house needs cleaning.,Normal,General Enquiries,General Enquiries,No,Non-urgent maintenance
How do I register to vote in the Territory election?,Normal,General Enquiries,General Enquiries,No,Routine enquiry
Is there a free financial counselling service I can book next month?,Normal,Financial Support,Financial Support,No,Planned support
pls send me the link for paying rego thx,Normal,Licensing & Services,Licensing & Services,No,Routine licensing (informal)
hi wat time does the office open tmrw,Normal,General Enquiries,General Enquiries,No,Routine enquiry (informal)
Can I get a quote for a smoke alarm check for my rental?,Normal,Housing & Utilities,Housing & Utilities,No,Routine maintenance
How do I apply for a concession on my power bill? I'm on the aged pension.,Normal,Financial Support,Financial Support,No,"Vulnerable person, routine request"
My kids want to join the junior footy program. Where do we sign up?,Normal,General Enquiries,General Enquiries,No,Routine enquiry
How do I get a copy of my child's immunisation record?,Normal,Licensing & Services,Licensing & Services,No,Routine service
I'm diabetic and want to know if there's a subsidy for glucose monitors.,Normal,Financial Support,Financial Support,No,"Medical term, routine request"
"The council sent a letter to my old address, please fix it.",Normal,General Enquiries,General Enquiries,No,Admin update
My accessible parking permit expires in 3 months. How do I renew it?,Normal,Licensing & Services,Licensing & Services,No,Routine licensing
We're planning a community event in the park next month. Do we need approval?,Normal,Licensing & Services,Licensing & Services,No,Routine permit
Is there help for first-time renters to understand their lease?,Normal,Housing & Utilities,Housing & Utilities,No,Information request
Our water bill seems higher than usual. Can someone explain the charges?,Normal,Financial Support,Financial Support,No,Billing enquiry
I'd like to make a complaint about rude staff at the service desk last week.,Normal,General Enquiries,General Enquiries,No,Complaint
Can I get information about cyclone preparation kits before the wet season?,Normal,Health & Safety,General Enquiries,No,Preparedness information
How do I order a new recycling bin?,Normal,General Enquiries,General Enquiries,No,Routine enquiry
Is there an interpreter service for appointments? My mum speaks Vietnamese.,Normal,General Enquiries,General Enquiries,No,Accessibility enquiry
Just confirming my appointment on Thursday at 10am.,Normal,General Enquiries,General Enquiries,No,Admin
Can my landlord increase the rent twice in a year? Just checking my rights.,Normal,Housing & Utilities,Housing & Utilities,No,Information request
Where can I find the ferry timetable to Mandorah?,Normal,General Enquiries,General Enquiries,No,Routine enquiry
My grandson is starting school next year. How do we enrol him?,Normal,General Enquiries,General Enquiries,No,Routine enquiry
I want to know more about the home energy efficiency rebate.,Normal,Financial Support,Financial Support,No,Routine enquiry
Is the threat of a cyclone this week something we should prepare for? Just want the official advice.,Normal,Health & Safety,General Enquiries,No,Information request (contains 'threat')
